{
  "view3d": {
    "azimuth_deg": -63.00000000000032,
    "elevation_deg": 31.50000000000007,
    "distance": 22.556222395385618,
    "pan_x": 3.4418864896334487,
    "pan_y": 29.221442686841183
  }
}